<metadata xml:lang="nl"><Esri><CreaDate>20240920</CreaDate><CreaTime>14235500</CreaTime><ArcGISFormat>1.0</ArcGISFormat><SyncOnce>FALSE</SyncOnce><DataProperties><itemProps><itemName Sync="TRUE">IBIS_landelijk_2023</itemName><imsContentType Sync="TRUE">002</imsContentType><itemLocation><linkage Sync="TRUE">file://\\FSData4\Data4$\RO\ALGEMEEN\Gebruikers\Werkmap Maaike van Bakel\Kaarten\IBIS contouren\Landelijk\2023\Contouren\IBIS_landelijk_2023.shp</linkage><protocol Sync="TRUE">Local Area Network</protocol></itemLocation><itemSize Sync="TRUE">0.000</itemSize></itemProps><coordRef><type Sync="TRUE">Projected</type><geogcsn Sync="TRUE">GCS_Amersfoort</geogcsn><csUnits Sync="TRUE">Linear Unit: m (1.000000)</csUnits><projcsn Sync="TRUE">Amersfoort / RD New</projcsn><peXml Sync="TRUE">&lt;ProjectedCoordinateSystem xsi:type='typens:ProjectedCoordinateSystem' xmlns:xsi='http://www.w3.org/2001/XMLSchema-instance' xmlns:xs='http://www.w3.org/2001/XMLSchema' xmlns:typens='http://www.esri.com/schemas/ArcGIS/3.1.0'&gt;&lt;WKT&gt;PROJCS[&amp;quot;Amersfoort / RD New&amp;quot;,GEOGCS[&amp;quot;Amersfoort&amp;quot;,DATUM[&amp;quot;Amersfoort&amp;quot;,SPHEROID[&amp;quot;Bessel 1841&amp;quot;,6377397.155,299.1528128]],PRIMEM[&amp;quot;Greenwich&amp;quot;,0.0],UNIT[&amp;quot;degree&amp;quot;,0.0174532925199433]],PROJECTION[&amp;quot;Oblique_Stereographic&amp;quot;],PARAMETER[&amp;quot;false_easting&amp;quot;,155000.0],PARAMETER[&amp;quot;false_northing&amp;quot;,463000.0],PARAMETER[&amp;quot;central_meridian&amp;quot;,5.387638888888891],PARAMETER[&amp;quot;scale_factor&amp;quot;,0.9999079],PARAMETER[&amp;quot;latitude_of_origin&amp;quot;,52.15616055555556],UNIT[&amp;quot;m&amp;quot;,1.0]]&lt;/WKT&gt;&lt;XOrigin&gt;-30515500&lt;/XOrigin&gt;&lt;YOrigin&gt;-30279500&lt;/YOrigin&gt;&lt;XYScale&gt;146716411.36275291&lt;/XYScale&gt;&lt;ZOrigin&gt;-100000&lt;/ZOrigin&gt;&lt;ZScale&gt;10000&lt;/ZScale&gt;&lt;MOrigin&gt;-100000&lt;/MOrigin&gt;&lt;MScale&gt;10000&lt;/MScale&gt;&lt;XYTolerance&gt;0.001&lt;/XYTolerance&gt;&lt;ZTolerance&gt;0.001&lt;/ZTolerance&gt;&lt;MTolerance&gt;0.001&lt;/MTolerance&gt;&lt;HighPrecision&gt;true&lt;/HighPrecision&gt;&lt;/ProjectedCoordinateSystem&gt;</peXml></coordRef><lineage><Process ToolSource="c:\program files\arcgis\pro\Resources\ArcToolbox\toolboxes\Conversion Tools.tbx\ExportFeatures" Date="20240920" Time="142356">ExportFeatures ibis_openbaar "R:\RO\ALGEMEEN\Gebruikers\Werkmap Maaike van Bakel\Kaarten\IBIS contouren\Landelijk\2023\IBIS landelijk 2023\IBIS landelijk 2023.gdb\ibis_openbaar_GR_DR" # NOT_USE_ALIAS "RIN_NUMMER "RIN_NUMMER" true true false 254 Text 0 0,First,#,ibis_openbaar,RIN_NUMMER,0,254;JAAR "JAAR" true true false 9 Long 0 9,First,#,ibis_openbaar,JAAR,-1,-1;PLAN_NAAM "PLAN_NAAM" true true false 254 Text 0 0,First,#,ibis_openbaar,PLAN_NAAM,0,254;KERN_NAAM "KERN_NAAM" true true false 254 Text 0 0,First,#,ibis_openbaar,KERN_NAAM,0,254;STATUS "STATUS" true true false 254 Text 0 0,First,#,ibis_openbaar,STATUS,0,254;TER_BEHEER "TER_BEHEER" true true false 254 Text 0 0,First,#,ibis_openbaar,TER_BEHEER,0,254;GEG_BEHEER "GEG_BEHEER" true true false 254 Text 0 0,First,#,ibis_openbaar,GEG_BEHEER,0,254;VOL "VOL" true true false 254 Text 0 0,First,#,ibis_openbaar,VOL,0,254;HA_BRUTO "HA_BRUTO" true true false 19 Double 15 18,First,#,ibis_openbaar,HA_BRUTO,-1,-1;HA_NETTO "HA_NETTO" true true false 19 Double 15 18,First,#,ibis_openbaar,HA_NETTO,-1,-1;HA_UITGEG "HA_UITGEG" true true false 19 Double 15 18,First,#,ibis_openbaar,HA_UITGEG,-1,-1;HA_UIT_HJR "HA_UIT_HJR" true true false 19 Double 15 18,First,#,ibis_openbaar,HA_UIT_HJR,-1,-1;HA_TKPGEM "HA_TKPGEM" true true false 19 Double 15 18,First,#,ibis_openbaar,HA_TKPGEM,-1,-1;HA_UITGEM "HA_UITGEM" true true false 19 Double 15 18,First,#,ibis_openbaar,HA_UITGEM,-1,-1;HA_UITPAR "HA_UITPAR" true true false 19 Double 15 18,First,#,ibis_openbaar,HA_UITPAR,-1,-1;HA_TUITGEM "HA_TUITGEM" true true false 19 Double 15 18,First,#,ibis_openbaar,HA_TUITGEM,-1,-1;HA_TUITPAR "HA_TUITPAR" true true false 19 Double 15 18,First,#,ibis_openbaar,HA_TUITPAR,-1,-1;HA_TOTTUIT "HA_TOTTUIT" true true false 19 Double 15 18,First,#,ibis_openbaar,HA_TOTTUIT,-1,-1;HA_NTUITGM "HA_NTUITGM" true true false 19 Double 15 18,First,#,ibis_openbaar,HA_NTUITGM,-1,-1;HA_NTUITPR "HA_NTUITPR" true true false 19 Double 15 18,First,#,ibis_openbaar,HA_NTUITPR,-1,-1;JR_NTUITGB "JR_NTUITGB" true true false 9 Long 0 9,First,#,ibis_openbaar,JR_NTUITGB,-1,-1;beoogdJaar "beoogdJaar" true true false 9 Long 0 9,First,#,ibis_openbaar,beoogdJaar,-1,-1;HA_GRUITDL "HA_GRUITDL" true true false 19 Double 15 18,First,#,ibis_openbaar,HA_GRUITDL,-1,-1;OPMER_JAAR "OPMER_JAAR" true true false 254 Text 0 0,First,#,ibis_openbaar,OPMER_JAAR,0,254;MN_VPRIJS "MN_VPRIJS" true true false 19 Double 15 18,First,#,ibis_openbaar,MN_VPRIJS,-1,-1;MX_VPRIJS "MX_VPRIJS" true true false 19 Double 15 18,First,#,ibis_openbaar,MX_VPRIJS,-1,-1;MN_EPRIJS "MN_EPRIJS" true true false 19 Double 15 18,First,#,ibis_openbaar,MN_EPRIJS,-1,-1;MX_EPRIJS "MX_EPRIJS" true true false 19 Double 15 18,First,#,ibis_openbaar,MX_EPRIJS,-1,-1;START_JAAR "START_JAAR" true true false 9 Long 0 9,First,#,ibis_openbaar,START_JAAR,-1,-1;MILIEUZONE "MILIEUZONE" true true false 254 Text 0 0,First,#,ibis_openbaar,MILIEUZONE,0,254;WLOC_TYPE "WLOC_TYPE" true true false 254 Text 0 0,First,#,ibis_openbaar,WLOC_TYPE,0,254;PLAN_FASE "PLAN_FASE" true true false 254 Text 0 0,First,#,ibis_openbaar,PLAN_FASE,0,254;MAX_MILIEU "MAX_MILIEU" true true false 254 Text 0 0,First,#,ibis_openbaar,MAX_MILIEU,0,254;EXT_BEREIK "EXT_BEREIK" true true false 254 Text 0 0,First,#,ibis_openbaar,EXT_BEREIK,0,254;PARKEER "PARKEER" true true false 254 Text 0 0,First,#,ibis_openbaar,PARKEER,0,254;PARK_MGT "PARK_MGT" true true false 254 Text 0 0,First,#,ibis_openbaar,PARK_MGT,0,254;SPOOR_ONTS "SPOOR_ONTS" true true false 254 Text 0 0,First,#,ibis_openbaar,SPOOR_ONTS,0,254;WATER_ONTS "WATER_ONTS" true true false 254 Text 0 0,First,#,ibis_openbaar,WATER_ONTS,0,254;VEROUDERD "VEROUDERD" true true false 254 Text 0 0,First,#,ibis_openbaar,VEROUDERD,0,254;OORZ_OUD "OORZ_OUD" true true false 254 Text 0 0,First,#,ibis_openbaar,OORZ_OUD,0,254;HA_BRTOUD "HA_BRTOUD" true true false 19 Double 15 18,First,#,ibis_openbaar,HA_BRTOUD,-1,-1;HSTRC_PLAN "HSTRC_PLAN" true true false 254 Text 0 0,First,#,ibis_openbaar,HSTRC_PLAN,0,254;HSTRC_FASE "HSTRC_FASE" true true false 254 Text 0 0,First,#,ibis_openbaar,HSTRC_FASE,0,254;HA_FACELFT "HA_FACELFT" true true false 19 Double 15 18,First,#,ibis_openbaar,HA_FACELFT,-1,-1;HA_REVITAL "HA_REVITAL" true true false 19 Double 15 18,First,#,ibis_openbaar,HA_REVITAL,-1,-1;HA_ZREVIT "HA_ZREVIT" true true false 19 Double 15 18,First,#,ibis_openbaar,HA_ZREVIT,-1,-1;HA_HERPROF "HA_HERPROF" true true false 19 Double 15 18,First,#,ibis_openbaar,HA_HERPROF,-1,-1;HA_TRANSF "HA_TRANSF" true true false 19 Double 15 18,First,#,ibis_openbaar,HA_TRANSF,-1,-1;GEM_CODES "GEM_CODES" true true false 254 Text 0 0,First,#,ibis_openbaar,GEM_CODES,0,254;GEM_NAMEN "GEM_NAMEN" true true false 254 Text 0 0,First,#,ibis_openbaar,GEM_NAMEN,0,254;PROV_CODES "PROV_CODES" true true false 254 Text 0 0,First,#,ibis_openbaar,PROV_CODES,0,254;PROV_NAMEN "PROV_NAMEN" true true false 254 Text 0 0,First,#,ibis_openbaar,PROV_NAMEN,0,254;COROPCODES "COROPCODES" true true false 254 Text 0 0,First,#,ibis_openbaar,COROPCODES,0,254;COROPNAMEN "COROPNAMEN" true true false 254 Text 0 0,First,#,ibis_openbaar,COROPNAMEN,0,254" #</Process><Process ToolSource="c:\program files\arcgis\pro\Resources\ArcToolbox\toolboxes\Data Management Tools.tbx\Merge" Date="20240920" Time="145603">Merge 'Groningen Drente';Gelderland;Zeeland;Friesland;Limburg;Overijssel;Utrecht;Brabant;NoordHolland;Flevoland;ZuidHolland "R:\RO\ALGEMEEN\Gebruikers\Werkmap Maaike van Bakel\Kaarten\IBIS contouren\Landelijk\2023\IBIS landelijk 2023\IBIS landelijk 2023.gdb\GroningenDrente_Merge" "RIN_NUMMER "RIN_NUMMER" true true false 254 Text 0 0,First,#,Groningen Drente,RIN_NUMMER,0,254,Limburg,rin_nummer,0,254,Overijssel,RIN_NUMMER,0,254,Utrecht,RIN_NUMMER,0,50,NoordHolland,RIN_NUMMER,0,254,Flevoland,rin_nummer,0,80,ZuidHolland,RIN_NUMMER,0,50,Gelderland,RIN_NR,-1,-1,Zeeland,rinnr,-1,-1,Brabant,RINNUMMER,-1,-1,Friesland,RIN,-1,-1" NO_SOURCE_INFO</Process><Process ToolSource="c:\program files\arcgis\pro\Resources\ArcToolbox\toolboxes\Data Management Tools.tbx\UpdateSchema" Date="20240920" Time="150438">UpdateSchema "CIMDATA=&lt;CIMStandardDataConnection xsi:type='typens:CIMStandardDataConnection' xmlns:xsi='http://www.w3.org/2001/XMLSchema-instance' xmlns:xs='http://www.w3.org/2001/XMLSchema' xmlns:typens='http://www.esri.com/schemas/ArcGIS/3.1.0'&gt;&lt;WorkspaceConnectionString&gt;DATABASE=R:\RO\ALGEMEEN\Gebruikers\Werkmap Maaike van Bakel\Kaarten\IBIS contouren\Landelijk\2023\IBIS landelijk 2023\IBIS landelijk 2023.gdb&lt;/WorkspaceConnectionString&gt;&lt;WorkspaceFactory&gt;FileGDB&lt;/WorkspaceFactory&gt;&lt;Dataset&gt;GroningenDrente_Merge&lt;/Dataset&gt;&lt;DatasetType&gt;esriDTFeatureClass&lt;/DatasetType&gt;&lt;/CIMStandardDataConnection&gt;" &lt;operationSequence&gt;&lt;workflow&gt;&lt;AddField&gt;&lt;field_name&gt;JAAR&lt;/field_name&gt;&lt;field_type&gt;SHORT&lt;/field_type&gt;&lt;field_is_nullable&gt;True&lt;/field_is_nullable&gt;&lt;field_is_required&gt;False&lt;/field_is_required&gt;&lt;/AddField&gt;&lt;/workflow&gt;&lt;/operationSequence&gt;</Process><Process ToolSource="c:\program files\arcgis\pro\Resources\ArcToolbox\toolboxes\Data Management Tools.tbx\CalculateField" Date="20240920" Time="150513">CalculateField IBIS_landelijk_2023 JAAR 2023!JAAR! "Python 3" # "Short (16-bit integer)" NO_ENFORCE_DOMAINS</Process><Process ToolSource="c:\program files\arcgis\pro\Resources\ArcToolbox\toolboxes\Data Management Tools.tbx\DeleteField" Date="20240920" Time="150529">DeleteField IBIS_landelijk_2023 JAAR "Delete Fields"</Process><Process ToolSource="c:\program files\arcgis\pro\Resources\ArcToolbox\toolboxes\Data Management Tools.tbx\UpdateSchema" Date="20240920" Time="150605">UpdateSchema "CIMDATA=&lt;CIMStandardDataConnection xsi:type='typens:CIMStandardDataConnection' xmlns:xsi='http://www.w3.org/2001/XMLSchema-instance' xmlns:xs='http://www.w3.org/2001/XMLSchema' xmlns:typens='http://www.esri.com/schemas/ArcGIS/3.1.0'&gt;&lt;WorkspaceConnectionString&gt;DATABASE=R:\RO\ALGEMEEN\Gebruikers\Werkmap Maaike van Bakel\Kaarten\IBIS contouren\Landelijk\2023\IBIS landelijk 2023\IBIS landelijk 2023.gdb&lt;/WorkspaceConnectionString&gt;&lt;WorkspaceFactory&gt;FileGDB&lt;/WorkspaceFactory&gt;&lt;Dataset&gt;GroningenDrente_Merge&lt;/Dataset&gt;&lt;DatasetType&gt;esriDTFeatureClass&lt;/DatasetType&gt;&lt;/CIMStandardDataConnection&gt;" &lt;operationSequence&gt;&lt;workflow&gt;&lt;AddField&gt;&lt;field_name&gt;JAAR&lt;/field_name&gt;&lt;field_type&gt;SHORT&lt;/field_type&gt;&lt;field_is_nullable&gt;True&lt;/field_is_nullable&gt;&lt;field_is_required&gt;False&lt;/field_is_required&gt;&lt;/AddField&gt;&lt;/workflow&gt;&lt;/operationSequence&gt;</Process><Process ToolSource="c:\program files\arcgis\pro\Resources\ArcToolbox\toolboxes\Data Management Tools.tbx\CalculateField" Date="20240920" Time="150709">CalculateField IBIS_landelijk_2023 JAAR 2023 "Python 3" # "Short (16-bit integer)" NO_ENFORCE_DOMAINS</Process><Process ToolSource="c:\program files\arcgis\pro\Resources\ArcToolbox\toolboxes\Data Management Tools.tbx\CopyFeatures" Date="20240920" Time="152254">CopyFeatures IBIS_landelijk_2023 "R:\RO\ALGEMEEN\Gebruikers\Werkmap Maaike van Bakel\Kaarten\IBIS contouren\Landelijk\2023\Contouren\IBIS_landelijk_2023.shp" # # # #</Process></lineage></DataProperties><SyncDate>20240920</SyncDate><SyncTime>15225000</SyncTime><ModDate>20240920</ModDate><ModTime>15225000</ModTime></Esri><dataIdInfo><envirDesc Sync="TRUE">Microsoft Windows 10 Version 10.0 (Build 19045) ; Esri ArcGIS 13.1.3.41833</envirDesc><dataLang><languageCode value="nld" Sync="TRUE"></languageCode><countryCode value="NLD" Sync="TRUE"></countryCode></dataLang><idCitation><resTitle Sync="TRUE">IBIS_landelijk_2023</resTitle><presForm><PresFormCd value="005" Sync="TRUE"></PresFormCd></presForm></idCitation><spatRpType><SpatRepTypCd value="001" Sync="TRUE"></SpatRepTypCd></spatRpType></dataIdInfo><mdLang><languageCode value="nld" Sync="TRUE"></languageCode><countryCode value="NLD" Sync="TRUE"></countryCode></mdLang><distInfo><distFormat><formatName Sync="TRUE">Shapefile</formatName></distFormat><distTranOps><transSize Sync="TRUE">0.000</transSize></distTranOps></distInfo><mdHrLv><ScopeCd value="005" Sync="TRUE"></ScopeCd></mdHrLv><mdHrLvName Sync="TRUE">dataset</mdHrLvName><refSysInfo><RefSystem><refSysID><identCode code="0" Sync="TRUE"></identCode></refSysID></RefSystem></refSysInfo><spatRepInfo><VectSpatRep><geometObjs Name="IBIS_landelijk_2023"><geoObjTyp><GeoObjTypCd value="002" Sync="TRUE"></GeoObjTypCd></geoObjTyp><geoObjCnt Sync="TRUE">0</geoObjCnt></geometObjs><topLvl><TopoLevCd value="001" Sync="TRUE"></TopoLevCd></topLvl></VectSpatRep></spatRepInfo><spdoinfo><ptvctinf><esriterm Name="IBIS_landelijk_2023"><efeatyp Sync="TRUE">Simple</efeatyp><efeageom code="4" Sync="TRUE"></efeageom><esritopo Sync="TRUE">FALSE</esritopo><efeacnt Sync="TRUE">0</efeacnt><spindex Sync="TRUE">FALSE</spindex><linrefer Sync="TRUE">FALSE</linrefer></esriterm></ptvctinf></spdoinfo><eainfo><detailed Name="IBIS_landelijk_2023"><enttyp><enttypl Sync="TRUE">IBIS_landelijk_2023</enttypl><enttypt Sync="TRUE">Feature Class</enttypt><enttypc Sync="TRUE">0</enttypc></enttyp><attr><attrlabl Sync="TRUE">FID</attrlabl><attalias Sync="TRUE">FID</attalias><attrtype Sync="TRUE">OID</attrtype><attwidth Sync="TRUE">4</attwidth><atprecis Sync="TRUE">0</atprecis><attscale Sync="TRUE">0</attscale><attrdef Sync="TRUE">Internal feature number.</attrdef><attrdefs Sync="TRUE">Esri</attrdefs><attrdomv><udom Sync="TRUE">Sequential unique whole numbers that are automatically generated.</udom></attrdomv></attr><attr><attrlabl Sync="TRUE">Shape</attrlabl><attalias Sync="TRUE">Shape</attalias><attrtype Sync="TRUE">Geometry</attrtype><attwidth Sync="TRUE">0</attwidth><atprecis Sync="TRUE">0</atprecis><attscale Sync="TRUE">0</attscale><attrdef Sync="TRUE">Feature geometry.</attrdef><attrdefs Sync="TRUE">Esri</attrdefs><attrdomv><udom Sync="TRUE">Coordinates defining the features.</udom></attrdomv></attr><attr><attrlabl Sync="TRUE">RIN_NUMMER</attrlabl><attalias Sync="TRUE">RIN_NUMMER</attalias><attrtype Sync="TRUE">String</attrtype><attwidth Sync="TRUE">254</attwidth><atprecis Sync="TRUE">0</atprecis><attscale Sync="TRUE">0</attscale></attr><attr><attrlabl Sync="TRUE">Shape_Leng</attrlabl><attalias Sync="TRUE">Shape_Leng</attalias><attrtype Sync="TRUE">Double</attrtype><attwidth Sync="TRUE">19</attwidth><atprecis Sync="TRUE">0</atprecis><attscale Sync="TRUE">0</attscale></attr><attr><attrlabl Sync="TRUE">Shape_Area</attrlabl><attalias Sync="TRUE">Shape_Area</attalias><attrtype Sync="TRUE">Double</attrtype><attwidth Sync="TRUE">19</attwidth><atprecis Sync="TRUE">0</atprecis><attscale Sync="TRUE">0</attscale><attrdef Sync="TRUE">Area of feature in internal units squared.</attrdef><attrdefs Sync="TRUE">Esri</attrdefs><attrdomv><udom Sync="TRUE">Positive real numbers that are automatically generated.</udom></attrdomv></attr><attr><attrlabl Sync="TRUE">JAAR</attrlabl><attalias Sync="TRUE">JAAR</attalias><attrtype Sync="TRUE">Integer</attrtype><attwidth Sync="TRUE">5</attwidth><atprecis Sync="TRUE">5</atprecis><attscale Sync="TRUE">0</attscale></attr></detailed></eainfo><mdDateSt Sync="TRUE">20240920</mdDateSt></metadata>
